<?xml version="1.0" encoding="UTF-8"?>
<project xmlns="http://maven.apache.org/POM/4.0.0" xmlns:xsi="http://www.w3.org/2001/XMLSchema-instance"
	xsi:schemaLocation="http://maven.apache.org/POM/4.0.0 http://maven.apache.org/xsd/maven-4.0.0.xsd">
	<modelVersion>4.0.0</modelVersion>

	<groupId>com.knf.dev.demo</groupId>
	<artifactId>gateway</artifactId>
	<version>0.0.1-SNAPSHOT</version>
	<!--packaging>jar</packaging-->
	<name>gateway</name>
	<description>spring-cloud-gateway service providing intelligent routing</description>
	<properties>
		<java.version>17</java.version>
		<spring-cloud.version>Greenwich.SR1</spring-cloud.version>
		<spring-cloud-gcp.version>4.0.0</spring-cloud-gcp.version>
		<spring-cloud.version>2022.0.2</spring-cloud.version>
	</properties>

	<parent>
		<groupId>org.springframework.boot</groupId>
		<artifactId>spring-boot-starter-parent</artifactId>
		<version>3.0.5</version>
		<relativePath/> <!-- lookup parent from repository -->
	</parent>

	<!--properties>
		<project.build.sourceEncoding>UTF-8</project.build.sourceEncoding>
		<project.reporting.outputEncoding>UTF-8</project.reporting.outputEncoding>
		<java.version>1.8</java.version>
		<spring-cloud.version>Greenwich.SR1</spring-cloud.version>
	</properties-->

	<dependencies>
		<dependency>
			<groupId>org.springframework.cloud</groupId>
			<artifactId>spring-cloud-starter-gateway</artifactId>
		</dependency>
		<dependency>
			<groupId>org.springframework.cloud</groupId>
			<artifactId>spring-cloud-starter-bootstrap</artifactId>
		</dependency>


		<dependency>
			<groupId>org.springframework.boot</groupId>
			<artifactId>spring-boot-starter-actuator</artifactId>
		</dependency>
		<dependency>
			<groupId>org.springframework.boot</groupId>
			<artifactId>spring-boot-starter-webflux</artifactId>
		</dependency>
		<dependency>
			<groupId>io.grpc</groupId>
			<artifactId>grpc-netty</artifactId>
			<!--exclusions>
				<exclusion>
					<artifactId>reactor-netty-http-brave</artifactId>
					<groupId>io.projectreactor.netty</groupId>
				</exclusion>
			</exclusions-->
		</dependency>

		<dependency>
			<groupId>io.micrometer</groupId>
			<artifactId>micrometer-tracing</artifactId>
		</dependency>
		<dependency>
			<groupId>io.zipkin.reporter2</groupId>
			<artifactId>zipkin-reporter-brave</artifactId>
		</dependency>
		<dependency>
			<groupId>io.micrometer</groupId>
			<artifactId>micrometer-tracing-bridge-brave</artifactId>
		</dependency>


		<!--dependency>
			<groupId>io.micrometer</groupId>
			<artifactId>micrometer-tracing</artifactId>
		</dependency>
		<dependency>
			<groupId>io.micrometer</groupId>
			<artifactId>micrometer-tracing-bridge-otel</artifactId>
		</dependency>
		<dependency>
			<groupId>io.opentelemetry</groupId>
			<artifactId>opentelemetry-exporter-zipkin</artifactId>
		</dependency-->
		<!--dependency>
			<groupId>org.springframework.boot</groupId>
			<artifactId>spring-boot-starter-web</artifactId>
		</dependency-->
		<dependency>
			<groupId>com.google.cloud</groupId>
			<artifactId>spring-cloud-gcp-starter</artifactId>
		</dependency>
		<dependency>
			<groupId>com.google.cloud</groupId>
			<artifactId>spring-cloud-gcp-starter-logging</artifactId>
		</dependency>
		 <!--dependency>
	        <groupId>org.springframework.cloud</groupId>
	        <artifactId>spring-cloud-starter-sleuth</artifactId>
	    </dependency-->
		<dependency>
			<groupId>com.google.cloud</groupId>
			<artifactId>spring-cloud-gcp-starter-trace</artifactId>
		</dependency>
		<dependency>
			<groupId>org.springframework.boot</groupId>
			<artifactId>spring-boot-devtools</artifactId>
			<scope>runtime</scope>
		</dependency>
		<dependency>
			<groupId>org.springframework.boot</groupId>
			<artifactId>spring-boot-starter-test</artifactId>
			<scope>test</scope>
		</dependency>

		<!--dependency>
			<groupId>org.springframework.cloud</groupId>
			<artifactId>spring-cloud-starter-sleuth</artifactId>
		</dependency-->
		<!--dependency>
			<groupId>org.springframework.cloud</groupId>
			<artifactId>spring-cloud-starter-zipkin</artifactId>
		</dependency-->
	</dependencies>

	<dependencyManagement>
		<dependencies>
			<dependency>
				<groupId>org.springframework.cloud</groupId>
				<artifactId>spring-cloud-dependencies</artifactId>
				<version>${spring-cloud.version}</version>
				<type>pom</type>
				<scope>import</scope>
			</dependency>
			<dependency>
				<groupId>com.google.cloud</groupId>
				<artifactId>spring-cloud-gcp-dependencies</artifactId>
				<version>${spring-cloud-gcp.version}</version>
				<type>pom</type>
				<scope>import</scope>
			</dependency>
		</dependencies>
	</dependencyManagement>

	<build>
		<plugins>
			<plugin>
				<groupId>org.springframework.boot</groupId>
				<artifactId>spring-boot-maven-plugin</artifactId>
			</plugin>
		</plugins>
	</build>

	<!--repositories>
		<repository>
			<id>spring-milestones</id>
			<name>Spring Milestones</name>
			<url>https://repo.spring.io/milestone</url>
			<snapshots>
				<enabled>false</enabled>
			</snapshots>
		</repository>
	</repositories-->


</project>
